level,registry,family,point,key,n_rows,device_label,n_total,p,p_ref,upper_limit,delta_p,excess,detail_source,report_year,table_id,pdf_page,attribute_source,level3_attr
1,AOANJRR,Oxford,Oxford [3],Oxford,3,Oxford (cless) / Oxford (cless) ; Oxford (cless) / Oxford (ctd) ; Oxford (ctd) / Oxford (ctd),24745,0.05206954940391999,0.04406618331649532,0.04809812303561114,0.00800336608742467,198.04329383332345,stated,2025,KP17,429,stated,bearing
1,EPRD,Univation,Univation,Univation,1,UNIVATION / UNIVATION,1601,0.106,0.05497861807285814,0.07258269224043702,0.051021381927141854,81.6852324653541,stated,2024,52,75,stated,bearing
1,NJR,AMC / Uniglide,AMC / Uniglide,AMC / Uniglide,1,AMC/Uniglide[M.Fem:M.Tib],2761,0.06160000000000001,0.0321,0.04246634566507391,0.029500000000000012,81.44950000000003,stated,2025,3.K8,71,stated,bearing
1,NJR,Preservation,Preservation,Preservation,1,Preservation[M.Fem:M.Tib],1419,0.0827,0.0321,0.04655997998604686,0.0506,71.8014,stated,2025,3.K8,71,stated,bearing
1,LROI,Genesis Uni,Genesis Uni,Genesis Uni,1,Genesis Uni / Genesis Uni,1244,0.09050000000000001,0.04797654925141722,0.0667014388297722,0.04252345074858279,52.899172731236995,stated,2025,K054,113,stated,bearing
1,EPRD,Link Sled,Link Sled [2],Link Sled,2,"LINK SLED / Link SLED, All-Poly ; LINK SLED / Link SLED, metal-backed",1922,0.0803194588969823,0.05497861807285814,0.07104552078299252,0.02534084082412416,48.705096063966636,stated,2024,52,75,stated,bearing
1,EPRD,Journey,Journey [2],Journey,2,JOURNEY UNI COCR / JOURNEY UNI ; JOURNEY UNI OXINIUM / JOURNEY UNI,2877,0.07119464720194647,0.05497861807285814,0.06811086150474055,0.01621602912908833,46.653515804387126,stated,2024,52,75,stated,bearing
1,SIRIS,Journey,Journey,Journey,1,Journey uni,1128,0.08900000000000001,0.057,0.07833191540897522,0.03200000000000001,36.09600000000001,stated,2025,5.15,178,stated,bearing
1,SIRIS,GMK Uni,GMK Uni,GMK Uni,1,GMK uni,1852,0.075,0.057,0.07364807069776287,0.017999999999999995,33.33599999999999,stated,2025,5.15,178,stated,bearing
1,LROI,BalanSys,BalanSys,BalanSys,1,balanSys UNI / balanSys UNI,844,0.08199999999999998,0.04797654925141722,0.07070962673477875,0.034023450748582755,28.715792431803845,stated,2025,K054,113,stated,bearing
1,EPRD,Triathlon,Triathlon,Triathlon,1,Triathlon PKR / Triathlon PKR,636,0.09300000000000001,0.05497861807285814,0.08290922016414114,0.03802138192714187,24.18159890566223,stated,2024,52,75,stated,bearing
1,LROI,Allegretto,Allegretto,Allegretto,1,Allegretto / Allegretto,106,0.1226,0.04797654925141722,0.11212357474265958,0.07462345074858279,7.910085779349775,stated,2025,K054,113,stated,bearing
2,AOANJRR,Oxford,Oxford · cemented,Oxford | cemented,1,Oxford (ctd) / Oxford (ctd),13753,0.057,0.04406618331649532,0.04947446169741079,0.012933816683504684,177.87878084823993,stated,2025,KP17,429,stated,bearing
2,LROI,Oxford,Oxford · cemented,Oxford | cemented,1,OXFORD PKR Cemented / OXFORD PKR Cemented,16206,0.0571,0.04797654925141722,0.05316444855878169,0.009123450748582777,147.8546428315325,stated,2025,K054,113,stated,bearing
2,EPRD,Univation,Univation · cemented,Univation | cemented,1,UNIVATION / UNIVATION,1601,0.106,0.05497861807285814,0.07258269224043702,0.051021381927141854,81.6852324653541,stated,2024,52,75,stated,bearing
2,LROI,Genesis Uni,Genesis Uni · cemented,Genesis Uni | cemented,1,Genesis Uni / Genesis Uni,1244,0.09050000000000001,0.04797654925141722,0.0667014388297722,0.04252345074858279,52.899172731236995,stated,2025,K054,113,stated,bearing
2,EPRD,Link Sled,Link Sled · cemented [2],Link Sled | cemented,2,"LINK SLED / Link SLED, All-Poly ; LINK SLED / Link SLED, metal-backed",1922,0.0803194588969823,0.05497861807285814,0.07104552078299252,0.02534084082412416,48.705096063966636,stated,2024,52,75,stated,bearing
2,EPRD,Journey,Journey · cemented [2],Journey | cemented,2,JOURNEY UNI COCR / JOURNEY UNI ; JOURNEY UNI OXINIUM / JOURNEY UNI,2877,0.07119464720194647,0.05497861807285814,0.06811086150474055,0.01621602912908833,46.653515804387126,stated,2024,52,75,stated,bearing
2,LROI,BalanSys,BalanSys · cemented,BalanSys | cemented,1,balanSys UNI / balanSys UNI,844,0.08199999999999998,0.04797654925141722,0.07070962673477875,0.034023450748582755,28.715792431803845,stated,2025,K054,113,stated,bearing
2,EPRD,Triathlon,Triathlon · cemented,Triathlon | cemented,1,Triathlon PKR / Triathlon PKR,636,0.09300000000000001,0.05497861807285814,0.08290922016414114,0.03802138192714187,24.18159890566223,stated,2024,52,75,stated,bearing
2,LROI,Allegretto,Allegretto · cemented,Allegretto | cemented,1,Allegretto / Allegretto,106,0.1226,0.04797654925141722,0.11212357474265958,0.07462345074858279,7.910085779349775,stated,2025,K054,113,stated,bearing
3,EPRD,Univation,Univation · cemented · fixed,Univation | cemented | fixed,1,UNIVATION / UNIVATION,1601,0.106,0.05497861807285814,0.07258269224043702,0.051021381927141854,81.6852324653541,stated,2024,52,75,stated,bearing
3,EPRD,Link Sled,Link Sled · cemented · fixed [2],Link Sled | cemented | fixed,2,"LINK SLED / Link SLED, All-Poly ; LINK SLED / Link SLED, metal-backed",1922,0.0803194588969823,0.05497861807285814,0.07104552078299252,0.02534084082412416,48.705096063966636,stated,2024,52,75,stated,bearing
3,EPRD,Journey,Journey · cemented · fixed [2],Journey | cemented | fixed,2,JOURNEY UNI COCR / JOURNEY UNI ; JOURNEY UNI OXINIUM / JOURNEY UNI,2877,0.07119464720194647,0.05497861807285814,0.06811086150474055,0.01621602912908833,46.653515804387126,stated,2024,52,75,stated,bearing
3,EPRD,Triathlon,Triathlon · cemented · fixed,Triathlon | cemented | fixed,1,Triathlon PKR / Triathlon PKR,636,0.09300000000000001,0.05497861807285814,0.08290922016414114,0.03802138192714187,24.18159890566223,stated,2024,52,75,stated,bearing
